{"cameraMode":{"drawMode":0,"name":"Shaded","section":"Shading Mode"},"sceneLighting":false,"audioPlay":false,"sceneViewState":{"showFog":true,"showMaterialUpdate":false,"showSkybox":false,"showFlares":true,"showImageEffects":true,"showParticleSystems":true},"in2DMode":false,"pivot":{"x":8.090079307556153,"y":-0.4855952262878418,"z":13.683394432067871},"rotation":{"x":0.0216892808675766,"y":0.9538371562957764,"z":-0.07109680026769638,"w":0.2909852862358093},"size":2.780571460723877,"orthographic":false}