{"cameraMode":{"drawMode":0,"name":"Shaded","section":"Shading Mode"},"sceneLighting":true,"audioPlay":false,"sceneViewState":{"showFog":false,"showMaterialUpdate":false,"showSkybox":false,"showFlares":false,"showImageEffects":false,"showParticleSystems":false},"in2DMode":false,"pivot":{"x":23.249181747436525,"y":3.313495635986328,"z":0.016342217102646829},"rotation":{"x":0.46682271361351015,"y":0.030234484001994134,"z":-0.01597241684794426,"w":0.8837005496025086},"size":8.139410018920899,"orthographic":false}