{"cameraMode":{"drawMode":0,"name":"Shaded","section":"Shading Mode"},"sceneLighting":true,"audioPlay":false,"sceneViewState":{"showFog":false,"showMaterialUpdate":false,"showSkybox":false,"showFlares":false,"showImageEffects":false,"showParticleSystems":false},"in2DMode":false,"pivot":{"x":0.6980413198471069,"y":-1.0187618732452393,"z":0.40249329805374148},"rotation":{"x":0.12459894269704819,"y":0.5998991131782532,"z":-0.0952722504734993,"w":0.7845579385757446},"size":2.0879268646240236,"orthographic":true}