{"cameraMode":{"drawMode":0,"name":"Shaded","section":"Shading Mode"},"sceneLighting":true,"audioPlay":false,"sceneViewState":{"showFog":false,"showMaterialUpdate":false,"showSkybox":false,"showFlares":false,"showImageEffects":false,"showParticleSystems":false},"in2DMode":false,"pivot":{"x":-20.589962005615236,"y":11.169342041015625,"z":-19.990875244140626},"rotation":{"x":0.1366359293460846,"y":0.4849802255630493,"z":-0.0770215168595314,"w":0.8603515028953552},"size":8.67160701751709,"orthographic":true}