{"cameraMode":{"drawMode":0,"name":"Shaded","section":"Shading Mode"},"sceneLighting":false,"audioPlay":false,"sceneViewState":{"showFog":true,"showMaterialUpdate":false,"showSkybox":false,"showFlares":true,"showImageEffects":true,"showParticleSystems":true},"in2DMode":false,"pivot":{"x":2.0299999713897707,"y":1.4199999570846558,"z":-11.329999923706055},"rotation":{"x":0.35420796275138857,"y":0.3197143077850342,"z":-0.13030122220516206,"w":0.8691092133522034},"size":9.065712928771973,"orthographic":true}