{"cameraMode":{"drawMode":0,"name":"Shaded","section":"Shading Mode"},"sceneLighting":false,"audioPlay":false,"sceneViewState":{"showFog":true,"showMaterialUpdate":false,"showSkybox":false,"showFlares":true,"showImageEffects":true,"showParticleSystems":true},"in2DMode":false,"pivot":{"x":-2.3096799850463868e-7,"y":0.9729999303817749,"z":0.16800078749656678},"rotation":{"x":0.24151119589805604,"y":0.2721092104911804,"z":-0.07075700908899307,"w":0.9287757277488709},"size":0.6891567707061768,"orthographic":true}