{"cameraMode":{"drawMode":0,"name":"Shaded","section":"Shading Mode"},"sceneLighting":false,"audioPlay":false,"sceneViewState":{"showFog":false,"showMaterialUpdate":false,"showSkybox":false,"showFlares":false,"showImageEffects":false,"showParticleSystems":false},"in2DMode":false,"pivot":{"x":-3.1675829887390138,"y":3.8652536869049074,"z":5.150960445404053},"rotation":{"x":0.04773372411727905,"y":0.9510461091995239,"z":-0.18961697816848756,"w":0.23939384520053864},"size":3.4867053031921388,"orthographic":true}