{"cameraMode":{"drawMode":0,"name":"Shaded","section":"Shading Mode"},"sceneLighting":false,"audioPlay":false,"sceneViewState":{"showFog":false,"showMaterialUpdate":false,"showSkybox":false,"showFlares":false,"showImageEffects":false,"showParticleSystems":false},"in2DMode":false,"pivot":{"x":-0.19581228494644166,"y":0.8606786131858826,"z":-5.960464477539063e-8},"rotation":{"x":0.00875004194676876,"y":0.9868459105491638,"z":-0.05720049887895584,"w":0.1509607881307602},"size":1.098405122756958,"orthographic":true}